-- phpMyAdmin SQL Dump
-- version 4.9.0.1
-- https://www.phpmyadmin.net/
--
-- Host: 127.0.0.1
-- Generation Time: Jan 23, 2025 at 05:52 PM
-- Server version: 10.4.6-MariaDB
-- PHP Version: 7.3.9

SET SQL_MODE = "NO_AUTO_VALUE_ON_ZERO";
SET AUTOCOMMIT = 0;
START TRANSACTION;
SET time_zone = "+00:00";


/*!40101 SET @OLD_CHARACTER_SET_CLIENT=@@CHARACTER_SET_CLIENT */;
/*!40101 SET @OLD_CHARACTER_SET_RESULTS=@@CHARACTER_SET_RESULTS */;
/*!40101 SET @OLD_COLLATION_CONNECTION=@@COLLATION_CONNECTION */;
/*!40101 SET NAMES utf8mb4 */;

--
-- Database: `store`
--

-- --------------------------------------------------------

--
-- Table structure for table `items`
--

CREATE TABLE `items` (
  `id` int(11) NOT NULL AUTO_INCREMENT,
  `name` varchar(255) NOT NULL,
  `price` int(11) NOT NULL,
  PRIMARY KEY (`id`)
) ENGINE=InnoDB DEFAULT CHARSET=utf8mb4;

--
-- Dumping data for table `items`
--

INSERT INTO `items` (`id`, `name`, `price`) VALUES
(1, 'Canon EOS', 36000),
(2, 'Nikon DSLR', 40000),
(3, 'Sony DSLR', 45000),
(4, 'Olympus DSLR', 50000),
(5, 'Titan Model #301', 13000),
(6, 'Titan Model #201', 3000),
(7, 'HMT Milan', 8000),
(8, 'Faber Luba #111', 18000),
(9, 'H&W', 800),
(10, 'Luis Phil', 1000),
(11, 'John Zok', 1500),
(12, 'Jhalsani', 1300);

-- --------------------------------------------------------

--
-- Table structure for table `users`
--

CREATE TABLE `users` (
  `id` int(11) NOT NULL AUTO_INCREMENT,
  `name` varchar(255) NOT NULL,
  `email` varchar(255) NOT NULL,
  `password` varchar(255) NOT NULL,
  `contact` varchar(255) NOT NULL,
  `city` varchar(255) NOT NULL,
  `address` varchar(255) NOT NULL,
  PRIMARY KEY (`id`)
) ENGINE=InnoDB DEFAULT CHARSET=utf8mb4;

--
-- Dumping data for table `users`
--

INSERT INTO `users` (`id`, `name`, `email`, `password`, `contact`, `city`, `address`) VALUES
(1, 'Vishwa', 'vish@gmail.com', '708175b3fdb269c4ebe8e7751bb3fccd', '9841756321', 'Kathmandu', 'Lalitpur 2'),
(2, 'Vishal', 'vishal@gmail.com', '72eea11febe23ae3dcab2bf59794c54c', '9802394750', 'Pokhara', 'Prithvi Chowk'),
(3, 'Ram', 'ram@gmail.com', '1b7b4c38f626766bbdcfc895e2c514f6', '9718273679', 'Chitwan', 'Bharatpur'),
(4, 'Raj', 'raj@gmail.com', '1537c1dea8479ff52bc68336e323385f', '9851736475', 'Lalitpur', 'Mahalaxmi'),
(5, 'Ravi', 'ravi@gmail.com', 'f4690de2554616f5b853d35f5a7970d4', '9832712098', 'Kathmandu', 'Boudha'),
(6, 'Vishwadutt', 'vishwadutt99@gmail.com', '8231ac09972b51e692a5f515f8349a29', '9741301718', 'Pokhara', 'Lake Side');

-- --------------------------------------------------------

--
-- Table structure for table `user_item`
--

CREATE TABLE `user_item` (
  `id` int(11) NOT NULL AUTO_INCREMENT,
  `user_id` int(11) NOT NULL,
  `item_id` int(11) NOT NULL,
  `status` enum('Added to cart','Confirmed','','') NOT NULL,
  `date_time` datetime NOT NULL DEFAULT current_timestamp(),
  PRIMARY KEY (`id`)
) ENGINE=InnoDB DEFAULT CHARSET=utf8mb4;

--
-- Dumping data for table `user_item`
--

INSERT INTO `user_item` (`id`, `user_id`, `item_id`, `status`, `date_time`) VALUES
(1, 1, 2, 'Confirmed', '2020-06-07 21:08:35'),
(2, 1, 10, 'Confirmed', '2020-06-07 21:08:38'),
(3, 3, 7, 'Confirmed', '2020-06-07 21:09:06'),
(4, 3, 12, 'Confirmed', '2020-06-07 21:09:10'),
(5, 5, 5, 'Confirmed', '2020-06-07 21:22:01'),
(6, 5, 1, 'Confirmed', '2020-06-07 21:22:03');

--
-- AUTO_INCREMENT for dumped tables
--

--
-- AUTO_INCREMENT for table `items`
--
ALTER TABLE `items`
  MODIFY `id` int(11) NOT NULL AUTO_INCREMENT, AUTO_INCREMENT=13;

--
-- AUTO_INCREMENT for table `users`
--
ALTER TABLE `users`
  MODIFY `id` int(11) NOT NULL AUTO_INCREMENT, AUTO_INCREMENT=7;

--
-- AUTO_INCREMENT for table `user_item`
--
ALTER TABLE `user_item`
  MODIFY `id` int(11) NOT NULL AUTO_INCREMENT, AUTO_INCREMENT=7;
COMMIT;

/*!40101 SET CHARACTER_SET_CLIENT=@OLD_CHARACTER_SET_CLIENT */;
/*!40101 SET CHARACTER_SET_RESULTS=@OLD_CHARACTER_SET_RESULTS */;
/*!40101 SET COLLATION_CONNECTION=@OLD_COLLATION_CONNECTION */;
